{"frames": {

"background.png":
{
	"frame": {"x":1,"y":1,"w":1920,"h":1080},
	"rotated": false,
	"trimmed": false,
	"spriteSourceSize": {"x":0,"y":0,"w":1920,"h":1080},
	"sourceSize": {"w":1920,"h":1080},
	"anchor": {"x":0,"y":0}
},
"capguy_01.png":
{
	"frame": {"x":1106,"y":1379,"w":158,"h":316},
	"rotated": true,
	"trimmed": true,
	"spriteSourceSize": {"x":15,"y":3,"w":158,"h":316},
	"sourceSize": {"w":187,"h":324},
	"anchor": {"x":0.5,"y":1}
},
"capguy_02.png":
{
	"frame": {"x":1729,"y":1083,"w":168,"h":303},
	"rotated": true,
	"trimmed": true,
	"spriteSourceSize": {"x":0,"y":8,"w":168,"h":303},
	"sourceSize": {"w":187,"h":324},
	"anchor": {"x":0.5,"y":1}
},
"capguy_03.png":
{
	"frame": {"x":1680,"y":1493,"w":152,"h":307},
	"rotated": true,
	"trimmed": true,
	"spriteSourceSize": {"x":26,"y":2,"w":152,"h":307},
	"sourceSize": {"w":187,"h":324},
	"anchor": {"x":0.5,"y":1}
},
"capguy_04.png":
{
	"frame": {"x":1078,"y":1539,"w":141,"h":306},
	"rotated": true,
	"trimmed": true,
	"spriteSourceSize": {"x":42,"y":1,"w":141,"h":306},
	"sourceSize": {"w":187,"h":324},
	"anchor": {"x":0.5,"y":1}
},
"capguy_05.png":
{
	"frame": {"x":371,"y":1765,"w":139,"h":311},
	"rotated": true,
	"trimmed": true,
	"spriteSourceSize": {"x":33,"y":3,"w":139,"h":311},
	"sourceSize": {"w":187,"h":324},
	"anchor": {"x":0.5,"y":1}
},
"capguy_06.png":
{
	"frame": {"x":765,"y":1437,"w":135,"h":311},
	"rotated": true,
	"trimmed": true,
	"spriteSourceSize": {"x":29,"y":8,"w":135,"h":311},
	"sourceSize": {"w":187,"h":324},
	"anchor": {"x":0.5,"y":1}
},
"capguy_07.png":
{
	"frame": {"x":371,"y":1617,"w":146,"h":314},
	"rotated": true,
	"trimmed": true,
	"spriteSourceSize": {"x":32,"y":2,"w":146,"h":314},
	"sourceSize": {"w":187,"h":324},
	"anchor": {"x":0.5,"y":1}
},
"capguy_08.png":
{
	"frame": {"x":405,"y":1454,"w":161,"h":319},
	"rotated": true,
	"trimmed": true,
	"spriteSourceSize": {"x":22,"y":1,"w":161,"h":319},
	"sourceSize": {"w":187,"h":324},
	"anchor": {"x":0.5,"y":1}
},
"objects/Box1.png":
{
	"frame": {"x":1923,"y":945,"w":136,"h":101},
	"rotated": true,
	"trimmed": false,
	"spriteSourceSize": {"x":0,"y":0,"w":136,"h":101},
	"sourceSize": {"w":136,"h":101},
	"anchor": {"x":0,"y":0}
},
"objects/Box2.png":
{
	"frame": {"x":990,"y":1899,"w":119,"h":120},
	"rotated": false,
	"trimmed": false,
	"spriteSourceSize": {"x":0,"y":0,"w":119,"h":120},
	"sourceSize": {"w":119,"h":120},
	"anchor": {"x":0,"y":0}
},
"objects/Box3.png":
{
	"frame": {"x":670,"y":1922,"w":119,"h":99},
	"rotated": false,
	"trimmed": false,
	"spriteSourceSize": {"x":0,"y":0,"w":119,"h":99},
	"sourceSize": {"w":119,"h":99},
	"anchor": {"x":0,"y":0}
},
"objects/Bus Bench.png":
{
	"frame": {"x":1,"y":1083,"w":402,"h":423},
	"rotated": false,
	"trimmed": true,
	"spriteSourceSize": {"x":0,"y":1,"w":402,"h":423},
	"sourceSize": {"w":402,"h":425},
	"anchor": {"x":0,"y":0}
},
"objects/Crate01.png":
{
	"frame": {"x":1518,"y":1901,"w":102,"h":90},
	"rotated": true,
	"trimmed": false,
	"spriteSourceSize": {"x":0,"y":0,"w":102,"h":90},
	"sourceSize": {"w":102,"h":90},
	"anchor": {"x":0,"y":0}
},
"objects/Crate02.png":
{
	"frame": {"x":1554,"y":1789,"w":110,"h":88},
	"rotated": true,
	"trimmed": false,
	"spriteSourceSize": {"x":0,"y":0,"w":110,"h":88},
	"sourceSize": {"w":110,"h":88},
	"anchor": {"x":0,"y":0}
},
"objects/Crate03.png":
{
	"frame": {"x":1610,"y":1925,"w":104,"h":92},
	"rotated": true,
	"trimmed": false,
	"spriteSourceSize": {"x":0,"y":0,"w":104,"h":92},
	"sourceSize": {"w":104,"h":92},
	"anchor": {"x":0,"y":0}
},
"objects/Crate04.png":
{
	"frame": {"x":1924,"y":1925,"w":105,"h":91},
	"rotated": false,
	"trimmed": true,
	"spriteSourceSize": {"x":0,"y":1,"w":105,"h":91},
	"sourceSize": {"w":105,"h":93},
	"anchor": {"x":0,"y":0}
},
"objects/Crate05.png":
{
	"frame": {"x":1704,"y":1878,"w":110,"h":90},
	"rotated": true,
	"trimmed": false,
	"spriteSourceSize": {"x":0,"y":0,"w":110,"h":90},
	"sourceSize": {"w":110,"h":90},
	"anchor": {"x":0,"y":0}
},
"objects/Dogpoo.png":
{
	"frame": {"x":687,"y":1617,"w":147,"h":96},
	"rotated": true,
	"trimmed": false,
	"spriteSourceSize": {"x":0,"y":0,"w":147,"h":96},
	"sourceSize": {"w":147,"h":96},
	"anchor": {"x":0,"y":0}
},
"objects/Flower Pot 20001.png":
{
	"frame": {"x":1608,"y":1559,"w":60,"h":149},
	"rotated": false,
	"trimmed": true,
	"spriteSourceSize": {"x":2,"y":0,"w":60,"h":149},
	"sourceSize": {"w":208,"h":686},
	"anchor": {"x":0,"y":0}
},
"objects/Fruitstand0001.png":
{
	"frame": {"x":1670,"y":1647,"w":205,"h":140},
	"rotated": false,
	"trimmed": true,
	"spriteSourceSize": {"x":0,"y":0,"w":205,"h":140},
	"sourceSize": {"w":261,"h":147},
	"anchor": {"x":0,"y":0}
},
"objects/Hydrant0001.png":
{
	"frame": {"x":1246,"y":1682,"w":128,"h":131},
	"rotated": true,
	"trimmed": true,
	"spriteSourceSize": {"x":53,"y":469,"w":128,"h":131},
	"sourceSize": {"w":209,"h":600},
	"anchor": {"x":0,"y":0}
},
"objects/mailbox1/Mailbox10001.png":
{
	"frame": {"x":684,"y":1766,"w":100,"h":154},
	"rotated": false,
	"trimmed": true,
	"spriteSourceSize": {"x":67,"y":7,"w":100,"h":154},
	"sourceSize": {"w":285,"h":168},
	"anchor": {"x":0,"y":0}
},
"objects/mailbox1/Mailbox10019.png":
{
	"frame": {"x":1,"y":1874,"w":216,"h":155},
	"rotated": false,
	"trimmed": true,
	"spriteSourceSize": {"x":69,"y":6,"w":216,"h":155},
	"sourceSize": {"w":285,"h":168},
	"anchor": {"x":0,"y":0}
},
"objects/mailbox1/Mailbox10028.png":
{
	"frame": {"x":1877,"y":1647,"w":184,"h":154},
	"rotated": true,
	"trimmed": true,
	"spriteSourceSize": {"x":67,"y":7,"w":184,"h":154},
	"sourceSize": {"w":285,"h":168},
	"anchor": {"x":0,"y":0}
},
"objects/mailbox1/Mailbox10040.png":
{
	"frame": {"x":1386,"y":1559,"w":220,"h":160},
	"rotated": false,
	"trimmed": true,
	"spriteSourceSize": {"x":10,"y":7,"w":220,"h":160},
	"sourceSize": {"w":285,"h":168},
	"anchor": {"x":0,"y":0}
},
"objects/mailbox1/Mailbox10070.png":
{
	"frame": {"x":1424,"y":1396,"w":254,"h":161},
	"rotated": false,
	"trimmed": true,
	"spriteSourceSize": {"x":0,"y":7,"w":254,"h":161},
	"sourceSize": {"w":285,"h":168},
	"anchor": {"x":0,"y":0}
},
"objects/mailbox2/Mailbox20001.png":
{
	"frame": {"x":1923,"y":406,"w":87,"h":178},
	"rotated": false,
	"trimmed": true,
	"spriteSourceSize": {"x":7,"y":16,"w":87,"h":178},
	"sourceSize": {"w":103,"h":198},
	"anchor": {"x":0,"y":0}
},
"objects/mailbox2/Mailbox20015.png":
{
	"frame": {"x":900,"y":1737,"w":89,"h":154},
	"rotated": false,
	"trimmed": true,
	"spriteSourceSize": {"x":8,"y":40,"w":89,"h":154},
	"sourceSize": {"w":103,"h":198},
	"anchor": {"x":0,"y":0}
},
"objects/mailbox2/Mailbox20017.png":
{
	"frame": {"x":1379,"y":1721,"w":87,"h":172},
	"rotated": true,
	"trimmed": true,
	"spriteSourceSize": {"x":7,"y":22,"w":87,"h":172},
	"sourceSize": {"w":103,"h":198},
	"anchor": {"x":0,"y":0}
},
"objects/mailbox2/Mailbox20020.png":
{
	"frame": {"x":1230,"y":1812,"w":87,"h":150},
	"rotated": true,
	"trimmed": true,
	"spriteSourceSize": {"x":7,"y":44,"w":87,"h":150},
	"sourceSize": {"w":103,"h":198},
	"anchor": {"x":0,"y":0}
},
"objects/mailbox2/Mailbox20022.png":
{
	"frame": {"x":1382,"y":1810,"w":89,"h":170},
	"rotated": true,
	"trimmed": true,
	"spriteSourceSize": {"x":7,"y":24,"w":89,"h":170},
	"sourceSize": {"w":103,"h":198},
	"anchor": {"x":0,"y":0}
},
"objects/mailbox2/Mailbox20024.png":
{
	"frame": {"x":1071,"y":1682,"w":87,"h":173},
	"rotated": true,
	"trimmed": true,
	"spriteSourceSize": {"x":7,"y":21,"w":87,"h":173},
	"sourceSize": {"w":103,"h":198},
	"anchor": {"x":0,"y":0}
},
"objects/mailbox2/Mailbox20026.png":
{
	"frame": {"x":1644,"y":1789,"w":87,"h":150},
	"rotated": true,
	"trimmed": true,
	"spriteSourceSize": {"x":7,"y":44,"w":87,"h":150},
	"sourceSize": {"w":103,"h":198},
	"anchor": {"x":0,"y":0}
},
"objects/mailbox2/Mailbox20028.png":
{
	"frame": {"x":1366,"y":1901,"w":93,"h":150},
	"rotated": true,
	"trimmed": true,
	"spriteSourceSize": {"x":7,"y":44,"w":93,"h":150},
	"sourceSize": {"w":103,"h":198},
	"anchor": {"x":0,"y":0}
},
"objects/mailbox2/Mailbox20030.png":
{
	"frame": {"x":1923,"y":220,"w":87,"h":184},
	"rotated": false,
	"trimmed": true,
	"spriteSourceSize": {"x":7,"y":10,"w":87,"h":184},
	"sourceSize": {"w":103,"h":198},
	"anchor": {"x":0,"y":0}
},
"objects/mailbox2/Mailbox20032.png":
{
	"frame": {"x":1923,"y":766,"w":87,"h":177},
	"rotated": false,
	"trimmed": true,
	"spriteSourceSize": {"x":7,"y":17,"w":87,"h":177},
	"sourceSize": {"w":103,"h":198},
	"anchor": {"x":0,"y":0}
},
"objects/mailbox2/Mailbox20034.png":
{
	"frame": {"x":1923,"y":586,"w":87,"h":178},
	"rotated": false,
	"trimmed": true,
	"spriteSourceSize": {"x":7,"y":16,"w":87,"h":178},
	"sourceSize": {"w":103,"h":198},
	"anchor": {"x":0,"y":0}
},
"objects/manhole/Manhole_01.png":
{
	"frame": {"x":1729,"y":1253,"w":303,"h":118},
	"rotated": false,
	"trimmed": true,
	"spriteSourceSize": {"x":194,"y":419,"w":303,"h":118},
	"sourceSize": {"w":577,"h":937},
	"anchor": {"x":0,"y":0}
},
"objects/manhole/Manhole_02.png":
{
	"frame": {"x":1,"y":1508,"w":368,"h":364},
	"rotated": false,
	"trimmed": true,
	"spriteSourceSize": {"x":129,"y":173,"w":368,"h":364},
	"sourceSize": {"w":577,"h":937},
	"anchor": {"x":0,"y":0}
},
"objects/manhole/Manhole_03.png":
{
	"frame": {"x":405,"y":1083,"w":358,"h":369},
	"rotated": false,
	"trimmed": true,
	"spriteSourceSize": {"x":139,"y":168,"w":358,"h":369},
	"sourceSize": {"w":577,"h":937},
	"anchor": {"x":0,"y":0}
},
"objects/manhole/Manhole_04.png":
{
	"frame": {"x":765,"y":1083,"w":339,"h":352},
	"rotated": false,
	"trimmed": true,
	"spriteSourceSize": {"x":158,"y":185,"w":339,"h":352},
	"sourceSize": {"w":577,"h":937},
	"anchor": {"x":0,"y":0}
},
"objects/manhole/Manhole_05.png":
{
	"frame": {"x":1106,"y":1083,"w":316,"h":294},
	"rotated": false,
	"trimmed": true,
	"spriteSourceSize": {"x":181,"y":243,"w":316,"h":294},
	"sourceSize": {"w":577,"h":937},
	"anchor": {"x":0,"y":0}
},
"objects/manhole/Manhole_06.png":
{
	"frame": {"x":1424,"y":1083,"w":303,"h":191},
	"rotated": false,
	"trimmed": true,
	"spriteSourceSize": {"x":194,"y":346,"w":303,"h":191},
	"sourceSize": {"w":577,"h":937},
	"anchor": {"x":0,"y":0}
},
"objects/manhole/Manhole_07.png":
{
	"frame": {"x":1424,"y":1276,"w":303,"h":118},
	"rotated": false,
	"trimmed": true,
	"spriteSourceSize": {"x":194,"y":419,"w":303,"h":118},
	"sourceSize": {"w":577,"h":937},
	"anchor": {"x":0,"y":0}
},
"objects/manhole/Manhole_08.png":
{
	"frame": {"x":1729,"y":1373,"w":303,"h":118},
	"rotated": false,
	"trimmed": true,
	"spriteSourceSize": {"x":194,"y":419,"w":303,"h":118},
	"sourceSize": {"w":577,"h":937},
	"anchor": {"x":0,"y":0}
},
"objects/newspaperbox/NewspaperBox_01.png":
{
	"frame": {"x":1111,"y":1881,"w":112,"h":139},
	"rotated": false,
	"trimmed": true,
	"spriteSourceSize": {"x":13,"y":2,"w":112,"h":139},
	"sourceSize": {"w":133,"h":156},
	"anchor": {"x":0,"y":0}
},
"objects/newspaperbox/NewspaperBox_02.png":
{
	"frame": {"x":1225,"y":1901,"w":118,"h":139},
	"rotated": true,
	"trimmed": true,
	"spriteSourceSize": {"x":7,"y":2,"w":118,"h":139},
	"sourceSize": {"w":133,"h":156},
	"anchor": {"x":0,"y":0}
},
"objects/newspaperbox/NewspaperBox_03.png":
{
	"frame": {"x":350,"y":1906,"w":123,"h":152},
	"rotated": true,
	"trimmed": true,
	"spriteSourceSize": {"x":2,"y":2,"w":123,"h":152},
	"sourceSize": {"w":133,"h":156},
	"anchor": {"x":0,"y":0}
},
"objects/newspaperbox/NewspaperBox_04.png":
{
	"frame": {"x":786,"y":1737,"w":112,"h":154},
	"rotated": false,
	"trimmed": true,
	"spriteSourceSize": {"x":13,"y":2,"w":112,"h":154},
	"sourceSize": {"w":133,"h":156},
	"anchor": {"x":0,"y":0}
},
"objects/Rain.png":
{
	"frame": {"x":1923,"y":1,"w":217,"h":68},
	"rotated": true,
	"trimmed": false,
	"spriteSourceSize": {"x":0,"y":0,"w":217,"h":68},
	"sourceSize": {"w":217,"h":68},
	"anchor": {"x":0,"y":0}
},
"objects/storesign/StoreSign_01.png":
{
	"frame": {"x":1070,"y":1771,"w":108,"h":158},
	"rotated": true,
	"trimmed": true,
	"spriteSourceSize": {"x":0,"y":6,"w":108,"h":158},
	"sourceSize": {"w":222,"h":197},
	"anchor": {"x":0,"y":0}
},
"objects/storesign/StoreSign_02.png":
{
	"frame": {"x":504,"y":1906,"w":115,"h":164},
	"rotated": true,
	"trimmed": true,
	"spriteSourceSize": {"x":7,"y":0,"w":115,"h":164},
	"sourceSize": {"w":222,"h":197},
	"anchor": {"x":0,"y":0}
},
"objects/storesign/StoreSign_03.png":
{
	"frame": {"x":785,"y":1574,"w":153,"h":161},
	"rotated": false,
	"trimmed": true,
	"spriteSourceSize": {"x":19,"y":5,"w":153,"h":161},
	"sourceSize": {"w":222,"h":197},
	"anchor": {"x":0,"y":0}
},
"objects/storesign/StoreSign_04.png":
{
	"frame": {"x":219,"y":1874,"w":154,"h":129},
	"rotated": true,
	"trimmed": true,
	"spriteSourceSize": {"x":62,"y":68,"w":154,"h":129},
	"sourceSize": {"w":222,"h":197},
	"anchor": {"x":0,"y":0}
},
"objects/storesign/StoreSign_05.png":
{
	"frame": {"x":940,"y":1574,"w":154,"h":129},
	"rotated": true,
	"trimmed": true,
	"spriteSourceSize": {"x":62,"y":68,"w":154,"h":129},
	"sourceSize": {"w":222,"h":197},
	"anchor": {"x":0,"y":0}
},
"objects/trashcan/Trashcan_01.png":
{
	"frame": {"x":912,"y":1893,"w":76,"h":120},
	"rotated": false,
	"trimmed": true,
	"spriteSourceSize": {"x":0,"y":4,"w":76,"h":120},
	"sourceSize": {"w":224,"h":136},
	"anchor": {"x":0,"y":0}
},
"objects/trashcan/Trashcan_02.png":
{
	"frame": {"x":1796,"y":1789,"w":79,"h":125},
	"rotated": false,
	"trimmed": true,
	"spriteSourceSize": {"x":18,"y":0,"w":79,"h":125},
	"sourceSize": {"w":224,"h":136},
	"anchor": {"x":0,"y":0}
},
"objects/trashcan/Trashcan_03.png":
{
	"frame": {"x":1796,"y":1925,"w":98,"h":126},
	"rotated": true,
	"trimmed": true,
	"spriteSourceSize": {"x":23,"y":0,"w":98,"h":126},
	"sourceSize": {"w":224,"h":136},
	"anchor": {"x":0,"y":0}
},
"objects/trashcan/Trashcan_04.png":
{
	"frame": {"x":791,"y":1893,"w":119,"h":122},
	"rotated": false,
	"trimmed": true,
	"spriteSourceSize": {"x":58,"y":7,"w":119,"h":122},
	"sourceSize": {"w":224,"h":136},
	"anchor": {"x":0,"y":0}
},
"objects/trashcan/Trashcan_05.png":
{
	"frame": {"x":1877,"y":1833,"w":143,"h":90},
	"rotated": false,
	"trimmed": true,
	"spriteSourceSize": {"x":55,"y":38,"w":143,"h":90},
	"sourceSize": {"w":224,"h":136},
	"anchor": {"x":0,"y":0}
},
"objects/trashcan/Trashcan_06.png":
{
	"frame": {"x":991,"y":1730,"w":167,"h":77},
	"rotated": true,
	"trimmed": true,
	"spriteSourceSize": {"x":57,"y":59,"w":167,"h":77},
	"sourceSize": {"w":224,"h":136},
	"anchor": {"x":0,"y":0}
}},
"animations": {
	"capguy": ["capguy_01.png","capguy_02.png","capguy_03.png","capguy_04.png","capguy_05.png","capguy_06.png","capguy_07.png","capguy_08.png"],
	"objects/Box": ["objects/Box1.png","objects/Box2.png","objects/Box3.png"],
	"objects/Crate": ["objects/Crate01.png","objects/Crate02.png","objects/Crate03.png","objects/Crate04.png","objects/Crate05.png"],
	"objects/mailbox1/Mailbox": ["objects/mailbox1/Mailbox10001.png","objects/mailbox1/Mailbox10019.png","objects/mailbox1/Mailbox10028.png","objects/mailbox1/Mailbox10040.png","objects/mailbox1/Mailbox10070.png"],
	"objects/mailbox2/Mailbox": ["objects/mailbox2/Mailbox20001.png","objects/mailbox2/Mailbox20015.png","objects/mailbox2/Mailbox20017.png","objects/mailbox2/Mailbox20020.png","objects/mailbox2/Mailbox20022.png","objects/mailbox2/Mailbox20024.png","objects/mailbox2/Mailbox20026.png","objects/mailbox2/Mailbox20028.png","objects/mailbox2/Mailbox20030.png","objects/mailbox2/Mailbox20032.png","objects/mailbox2/Mailbox20034.png"],
	"objects/manhole/Manhole": ["objects/manhole/Manhole_01.png","objects/manhole/Manhole_02.png","objects/manhole/Manhole_03.png","objects/manhole/Manhole_04.png","objects/manhole/Manhole_05.png","objects/manhole/Manhole_06.png","objects/manhole/Manhole_07.png","objects/manhole/Manhole_08.png"],
	"objects/newspaperbox/NewspaperBox": ["objects/newspaperbox/NewspaperBox_01.png","objects/newspaperbox/NewspaperBox_02.png","objects/newspaperbox/NewspaperBox_03.png","objects/newspaperbox/NewspaperBox_04.png"],
	"objects/storesign/StoreSign": ["objects/storesign/StoreSign_01.png","objects/storesign/StoreSign_02.png","objects/storesign/StoreSign_03.png","objects/storesign/StoreSign_04.png","objects/storesign/StoreSign_05.png"],
	"objects/trashcan/Trashcan": ["objects/trashcan/Trashcan_01.png","objects/trashcan/Trashcan_02.png","objects/trashcan/Trashcan_03.png","objects/trashcan/Trashcan_04.png","objects/trashcan/Trashcan_05.png","objects/trashcan/Trashcan_06.png"]
},
"meta": {
	"app": "https://www.codeandweb.com/texturepacker",
	"version": "1.0",
	"image": "spritesheet-png8.png",
	"format": "RGBA8888",
	"size": {"w":2033,"h":2030},
	"scale": "1",
	"smartupdate": "$TexturePacker:SmartUpdate:5ad69a7f34d1ffba0b5a484e8f39c54c:5626221c486986a875a84f25a76e937d:f331168cf3eb3f2bc6c950925289a565$"
}
}
